category,share
2–3 months,0.211581291759465
4+ months,0.2271714922049
1 month,0.216035634743875
Never,0.345211581291759
